--1
--DATOS USUARIOS
INSERT INTO USUARIOS
VALUES ('camila3');
INSERT INTO USUARIOS
VALUES ('andres43');
INSERT INTO USUARIOS
VALUES ('ana9812');
INSERT INTO USUARIOS
VALUES ('juanl2');
INSERT INTO USUARIOS
VALUES ('pedrof3');
INSERT INTO USUARIOS
VALUES ('luisp8');
INSERT INTO USUARIOS
VALUES ('daniela77');
INSERT INTO USUARIOS
VALUES('alkosto');
INSERT INTO USUARIOS
VALUES('val763');
INSERT INTO USUARIOS
VALUES('rom2716');
INSERT INTO USUARIOS
VALUES('andres123');
INSERT INTO USUARIOS
VALUES('nady231');



--DATOS EMPLEADOS

--GERENTE DE OFICINA
INSERT INTO EMPLEADOS
VALUES ('camila3');
--GERENTE DE OFICINA
INSERT INTO EMPLEADOS
VALUES ('andres43');
--GERENTE DE OFICINA
INSERT INTO EMPLEADOS
VALUES ('ana9812');
--GERENTE GENERAL
INSERT INTO EMPLEADOS
VALUES ('juanl2');
--CAJERO ADMIN
INSERT INTO EMPLEADOS
VALUES('rom2716');
--CAJERO
INSERT INTO EMPLEADOS
VALUES('andres123');
--CAJERO ADMIN
INSERT INTO EMPLEADOS
VALUES('nady231');

--DATOS TIPOOPERACION 
INSERT INTO TIPOSOPERACION
VALUES ('ABRIR');
INSERT INTO TIPOSOPERACION
VALUES ('CERRAR');
INSERT INTO TIPOSOPERACION
VALUES ('CONSIGNAR');
INSERT INTO TIPOSOPERACION
VALUES ('TRANSFERIR');
INSERT INTO TIPOSOPERACION
VALUES ('RETIRAR');
INSERT INTO TIPOSOPERACION
VALUES ('SOLICITAR');
INSERT INTO TIPOSOPERACION
VALUES ('APROBAR');
INSERT INTO TIPOSOPERACION
VALUES ( 'RENOVAR');
INSERT INTO TIPOSOPERACION
VALUES ( 'RECHAZAR');
INSERT INTO TIPOSOPERACION
VALUES ('DESACTIVAR');
INSERT INTO TIPOSOPERACION
VALUES ('ACTIVAR');
INSERT INTO TIPOSOPERACION
VALUES ('PAGAR_CUOTA');
INSERT INTO TIPOSOPERACION
VALUES ('LIQUIDAR_RENDIMIENTOS');
INSERT INTO TIPOSOPERACION
VALUES ('PAGAR_CUOTA_EXTRAORDINARIA');

--DATOS PRODUCTOS
INSERT INTO PRODUCTOS
VALUES (BANCANDES_SEQUENCE.NEXTVAL);

INSERT INTO PRODUCTOS
VALUES (BANCANDES_SEQUENCE.NEXTVAL);

INSERT INTO PRODUCTOS
VALUES (BANCANDES_SEQUENCE.NEXTVAL);

INSERT INTO PRODUCTOS
VALUES (BANCANDES_SEQUENCE.NEXTVAL);

INSERT INTO PRODUCTOS
VALUES (BANCANDES_SEQUENCE.NEXTVAL);

INSERT INTO PRODUCTOS
VALUES (BANCANDES_SEQUENCE.NEXTVAL);

--DATOS PUESTOSDEATENCION
INSERT INTO PUESTOSDEATENCION
VALUES (BANCANDES_SEQUENCE.NEXTVAL);

INSERT INTO PUESTOSDEATENCION
VALUES (BANCANDES_SEQUENCE.NEXTVAL);

INSERT INTO PUESTOSDEATENCION
VALUES (BANCANDES_SEQUENCE.NEXTVAL);

INSERT INTO PUESTOSDEATENCION
VALUES (BANCANDES_SEQUENCE.NEXTVAL);

INSERT INTO PUESTOSDEATENCION
VALUES (BANCANDES_SEQUENCE.NEXTVAL);

INSERT INTO PUESTOSDEATENCION
VALUES (BANCANDES_SEQUENCE.NEXTVAL);

INSERT INTO PUESTOSDEATENCION
VALUES (BANCANDES_SEQUENCE.NEXTVAL);

INSERT INTO PUESTOSDEATENCION
VALUES (BANCANDES_SEQUENCE.NEXTVAL);

INSERT INTO PUESTOSDEATENCION
VALUES (BANCANDES_SEQUENCE.NEXTVAL);

INSERT INTO PUESTOSDEATENCION
VALUES (BANCANDES_SEQUENCE.NEXTVAL);

INSERT INTO PUESTOSDEATENCION
VALUES (BANCANDES_SEQUENCE.NEXTVAL);


--DATOS CLIENTES
INSERT INTO CLIENTES
VALUES('NIT',123456789,'Cundinamarca',143210, 'Colombiana','COMPRAMELOTODO','cra12#12-1', 'alkosto','123456789', 'compratodo@gmail.com',3164432818,'Bogota','PERSONA_JURIDICA');
INSERT INTO CLIENTES
VALUES('PEP',987654321,'Cundinamarca',413210,'Venezolana','Luis','calle232-32#12', 'luisp8','123456789', 'luisp@gmail.com',3132943019,'Bogota','PERSONA_NATURAL');
INSERT INTO CLIENTES
VALUES('CEDULA_CIUDADANIA',5743726482,'Tolima',743619,'Colombiana', 'Pedro', 'cra32#12-12', 'pedrof3','123456789', 'pedrower@gmail.com',3153218736,'Ibague','PERSONA_NATURAL');
INSERT INTO CLIENTES
VALUES( 'CEDULA_EXTRANJERIA',25474272457,'Cundinamarca',356610, 'Peruana','Daniela', 'calle42#1-1', 'daniela77','fdbedrrr322', 'danielaa@gmail.com',3138763746,'Bogota','PERSONA_NATURAL');
INSERT INTO CLIENTES
VALUES('TARJETA_IDENTIDAD',742572472,'Tolima',125318, 'Boliviana','Valentina','calle182#23-21', 'val763','314324vdfewfs', 'valevale@gmail.com', 3132292888,'Ibague','PERSONA_NATURAL');


--DATOS GERENTESDEOFICINA
INSERT INTO GERENTESDEOFICINA
VALUES('PEP',754363463,'Cundinamarca',5252232,' Colombiana','Camila','calle39-292#22', 'camila3','123456789', 'camila@gmail.com',3136543211,'Bogota','TRUE');
INSERT INTO GERENTESDEOFICINA
VALUES('CEDULA_CIUDADANIA',235434534,'Cundinamarca',1142211,'Colombiana', 'Andres', 'cra112#2-42', 'andres43','123456789', 'andresito@gmail.com',3159864555,'Bogota','FALSE');
INSERT INTO GERENTESDEOFICINA
VALUES( 'CEDULA_EXTRANJERIA',53445334643,'Cundinamarca',12112112, 'Colombiana','Ana', 'calle422#12-12', 'ana9812','gtesdfsdfsfs732', 'anaaa@gmail.com',3137535333,'Bogota','FALSE');

--DATOS OFICINAS 
INSERT INTO OFICINAS
VALUES (BANCANDES_SEQUENCE.NEXTVAL, 'OFICINA USAQUEN', 'Cll 183 #23-4', 10, 'camila3');

INSERT INTO OFICINAS
VALUES (BANCANDES_SEQUENCE.NEXTVAL, 'OFICINA CHAPINERO', 'Cll 75 #2b-13', 15, 'andres43');

INSERT INTO OFICINAS
VALUES (BANCANDES_SEQUENCE.NEXTVAL, 'OFICINA BARRIOS UNIDOS', 'Cll 85 #16-8', 14, 'ana9812');

--2


--DATOS PUESTOS ATENCION OFICINA 
INSERT INTO PUESTOSATENCIONOFICINA
VALUES (7, 5286948, '4.726-74.655', 18);

INSERT INTO PUESTOSATENCIONOFICINA
VALUES (8, 5286985, '4.725-74.678', 19);

INSERT INTO PUESTOSATENCIONOFICINA
VALUES (9, 5286978, '4.896-74.122', 19);

INSERT INTO PUESTOSATENCIONOFICINA
VALUES (10, 7589932, '10.726-12.655', 20);

INSERT INTO PUESTOSATENCIONOFICINA
VALUES (11, 7542633, '11.123-88.663', 20);


--DATOS PUESTOS DIGITALES 
INSERT INTO PUESTOSDIGITALES
VALUES (12, 2659844, 'APP',NULL);

INSERT INTO PUESTOSDIGITALES
VALUES (13, 5869124, 'PAGINA_WEB','WWW.PUESTODIGITAL.COM');

INSERT INTO PUESTOSDIGITALES
VALUES (14, 8964510, 'PAGINA_WEB', 'WWW.PUESTODIGITS.COM');


--DATOS CAJEROS AUTOMATICOS  
INSERT INTO CAJEROSAUTOMATICOS
VALUES(15, 6412200, '58.423-46.022');

INSERT INTO CAJEROSAUTOMATICOS
VALUES(16, 8965477, '45.111-52.201');

INSERT INTO CAJEROSAUTOMATICOS
VALUES(17, 1400223, '87.129-46.994');



--DATOS CAJEROS  
INSERT INTO CAJEROS
VALUES('PEP',123412312,'Cundinamarca',253413,' Venezolana','Roman','calle32-22#22', 'rom2716','123456789', 'roman@gmail.com',3135542111,'Bogota','TRUE',9,19);
INSERT INTO CAJEROS
VALUES('CEDULA_CIUDADANIA',1231231,'Cundinamarca',523221,'Colombiana', 'Andres', 'cra132#52-42', 'andres123','34gfffr23423432', 'andresss@gmail.com',3150987654,'Bogota','FALSE',10,20);
INSERT INTO CAJEROS
VALUES( 'CEDULA_EXTRANJERIA',54231211,'Cundinamarca',2352312, 'Peruana','Nady', 'calle42#12-12', 'nady231','123456789', 'naddy@gmail.com',3134431222,'Bogota','TRUE',7,18);



--DATOS GERENTEGENERAL
INSERT INTO GERENTEGENERAL 
VALUES('CEDULA_CIUDADANIA',112213431,'Cundinamarca',110101,'Colombiana', 'Juan', 'cra42#152-42', 'juanl2','123456789', 'juanes@gmail.com',3165424777,'Bogota','TRUE',18);



--DATOS PRESTAMOS
INSERT INTO PRESTAMOS
VALUES (1, 50000000, 23000000, 3, 15, 20, 1000000, '10/07/2019', 'FALSE', 18);

INSERT INTO PRESTAMOS
VALUES (2, 20000000, 0, 3, 10, 01, 1000000, '01/03/2018', 'FALSE', 18);


--DATOS CUENTAS
INSERT INTO CUENTAS 
VALUES (3, 1223344, 'ACTIVA', 'AHORROS', 120000000, '25/11/2018', NULL , 5, 18, 'FALSE');
INSERT INTO CUENTAS 
VALUES (4, 12345, 'ACTIVA', 'AHORROS', 170000000, '25/11/2018', NULL , 5, 18, 'FALSE');

--DATOS ACCIONES 
INSERT INTO ACCIONES
VALUES(5, 456789,45678,'APLO');

--DATOS DEPOSITOSINVERSION 
INSERT INTO DEPOSITOSINVERSION
VALUES(6,345678998,8,'MEDIO','12/03/2021');


--DATOS OPERACIONESBANCARIAS  
INSERT INTO OPERACIONESBANCARIAS
VALUES(BANCANDES_SEQUENCE.NEXTVAL, 700000, '12/12/2020','luisp8',3,NULL, 'RETIRAR',7,'rom2716');
INSERT INTO OPERACIONESBANCARIAS
VALUES(BANCANDES_SEQUENCE.NEXTVAL, 54321121, '12/12/2020','val763',4,NULL, 'CONSIGNAR',7,'rom2716');


--DATOS PUESTOATENCIONTIPOOPERACION

INSERT INTO PUESTOSATENCIONTIPOSOPERACION
VALUES('ABRIR',7);
INSERT INTO PUESTOSATENCIONTIPOSOPERACION
VALUES('CERRAR',7);
INSERT INTO PUESTOSATENCIONTIPOSOPERACION
VALUES('CONSIGNAR',7);
INSERT INTO PUESTOSATENCIONTIPOSOPERACION
VALUES('TRANSFERIR',7);
INSERT INTO PUESTOSATENCIONTIPOSOPERACION
VALUES('RETIRAR',7);
INSERT INTO PUESTOSATENCIONTIPOSOPERACION
VALUES('SOLICITAR',7);
INSERT INTO PUESTOSATENCIONTIPOSOPERACION
VALUES('APROBAR',7);
INSERT INTO PUESTOSATENCIONTIPOSOPERACION
VALUES('RENOVAR',7);
INSERT INTO PUESTOSATENCIONTIPOSOPERACION
VALUES('RECHAZAR',7);
INSERT INTO PUESTOSATENCIONTIPOSOPERACION
VALUES('DESACTIVAR',7);
INSERT INTO PUESTOSATENCIONTIPOSOPERACION
VALUES('ACTIVAR',7);
INSERT INTO PUESTOSATENCIONTIPOSOPERACION
VALUES('PAGAR_CUOTA',7);
INSERT INTO PUESTOSATENCIONTIPOSOPERACION
VALUES('LIQUIDAR_RENDIMIENTOS',7);
INSERT INTO PUESTOSATENCIONTIPOSOPERACION
VALUES('PAGAR_CUOTA_EXTRAORDINARIA',7);


INSERT INTO PUESTOSATENCIONTIPOSOPERACION
VALUES('ABRIR',8);
INSERT INTO PUESTOSATENCIONTIPOSOPERACION
VALUES('CERRAR',8);
INSERT INTO PUESTOSATENCIONTIPOSOPERACION
VALUES('CONSIGNAR',8);
INSERT INTO PUESTOSATENCIONTIPOSOPERACION
VALUES('TRANSFERIR',8);
INSERT INTO PUESTOSATENCIONTIPOSOPERACION
VALUES('RETIRAR',8);
INSERT INTO PUESTOSATENCIONTIPOSOPERACION
VALUES('SOLICITAR',8);
INSERT INTO PUESTOSATENCIONTIPOSOPERACION
VALUES('APROBAR',8);
INSERT INTO PUESTOSATENCIONTIPOSOPERACION
VALUES('RENOVAR',8);
INSERT INTO PUESTOSATENCIONTIPOSOPERACION
VALUES('RECHAZAR',8);
INSERT INTO PUESTOSATENCIONTIPOSOPERACION
VALUES('DESACTIVAR',8);
INSERT INTO PUESTOSATENCIONTIPOSOPERACION
VALUES('ACTIVAR',8);
INSERT INTO PUESTOSATENCIONTIPOSOPERACION
VALUES('PAGAR_CUOTA',8);
INSERT INTO PUESTOSATENCIONTIPOSOPERACION
VALUES('LIQUIDAR_RENDIMIENTOS',8);
INSERT INTO PUESTOSATENCIONTIPOSOPERACION
VALUES('PAGAR_CUOTA_EXTRAORDINARIA',8);

INSERT INTO PUESTOSATENCIONTIPOSOPERACION
VALUES('ABRIR',9);
INSERT INTO PUESTOSATENCIONTIPOSOPERACION
VALUES('CERRAR',9);
INSERT INTO PUESTOSATENCIONTIPOSOPERACION
VALUES('CONSIGNAR',9);
INSERT INTO PUESTOSATENCIONTIPOSOPERACION
VALUES('TRANSFERIR',9);
INSERT INTO PUESTOSATENCIONTIPOSOPERACION
VALUES('RETIRAR',9);
INSERT INTO PUESTOSATENCIONTIPOSOPERACION
VALUES('SOLICITAR',9);
INSERT INTO PUESTOSATENCIONTIPOSOPERACION
VALUES('APROBAR',9);
INSERT INTO PUESTOSATENCIONTIPOSOPERACION
VALUES('RENOVAR',9);
INSERT INTO PUESTOSATENCIONTIPOSOPERACION
VALUES('RECHAZAR',9);
INSERT INTO PUESTOSATENCIONTIPOSOPERACION
VALUES('DESACTIVAR',9);
INSERT INTO PUESTOSATENCIONTIPOSOPERACION
VALUES('ACTIVAR',9);
INSERT INTO PUESTOSATENCIONTIPOSOPERACION
VALUES('PAGAR_CUOTA',9);
INSERT INTO PUESTOSATENCIONTIPOSOPERACION
VALUES('LIQUIDAR_RENDIMIENTOS',9);
INSERT INTO PUESTOSATENCIONTIPOSOPERACION
VALUES('PAGAR_CUOTA_EXTRAORDINARIA',9);

INSERT INTO PUESTOSATENCIONTIPOSOPERACION
VALUES('ABRIR',10);
INSERT INTO PUESTOSATENCIONTIPOSOPERACION
VALUES('CERRAR',10);
INSERT INTO PUESTOSATENCIONTIPOSOPERACION
VALUES('CONSIGNAR',10);
INSERT INTO PUESTOSATENCIONTIPOSOPERACION
VALUES('TRANSFERIR',10);
INSERT INTO PUESTOSATENCIONTIPOSOPERACION
VALUES('RETIRAR',10);
INSERT INTO PUESTOSATENCIONTIPOSOPERACION
VALUES('SOLICITAR',10);
INSERT INTO PUESTOSATENCIONTIPOSOPERACION
VALUES('APROBAR',10);
INSERT INTO PUESTOSATENCIONTIPOSOPERACION
VALUES('RENOVAR',10);
INSERT INTO PUESTOSATENCIONTIPOSOPERACION
VALUES('RECHAZAR',10);
INSERT INTO PUESTOSATENCIONTIPOSOPERACION
VALUES('DESACTIVAR',10);
INSERT INTO PUESTOSATENCIONTIPOSOPERACION
VALUES('ACTIVAR',10);
INSERT INTO PUESTOSATENCIONTIPOSOPERACION
VALUES('PAGAR_CUOTA',10);
INSERT INTO PUESTOSATENCIONTIPOSOPERACION
VALUES('LIQUIDAR_RENDIMIENTOS',10);
INSERT INTO PUESTOSATENCIONTIPOSOPERACION
VALUES('PAGAR_CUOTA_EXTRAORDINARIA',10);

INSERT INTO PUESTOSATENCIONTIPOSOPERACION
VALUES('ABRIR',11);
INSERT INTO PUESTOSATENCIONTIPOSOPERACION
VALUES('CERRAR',11);
INSERT INTO PUESTOSATENCIONTIPOSOPERACION
VALUES('CONSIGNAR',11);
INSERT INTO PUESTOSATENCIONTIPOSOPERACION
VALUES('TRANSFERIR',11);
INSERT INTO PUESTOSATENCIONTIPOSOPERACION
VALUES('RETIRAR',11);
INSERT INTO PUESTOSATENCIONTIPOSOPERACION
VALUES('SOLICITAR',11);
INSERT INTO PUESTOSATENCIONTIPOSOPERACION
VALUES('APROBAR',11);
INSERT INTO PUESTOSATENCIONTIPOSOPERACION
VALUES('RENOVAR',11);
INSERT INTO PUESTOSATENCIONTIPOSOPERACION
VALUES('RECHAZAR',11);
INSERT INTO PUESTOSATENCIONTIPOSOPERACION
VALUES('DESACTIVAR',11);
INSERT INTO PUESTOSATENCIONTIPOSOPERACION
VALUES('ACTIVAR',11);
INSERT INTO PUESTOSATENCIONTIPOSOPERACION
VALUES('PAGAR_CUOTA',11);
INSERT INTO PUESTOSATENCIONTIPOSOPERACION
VALUES('LIQUIDAR_RENDIMIENTOS',11);
INSERT INTO PUESTOSATENCIONTIPOSOPERACION
VALUES('PAGAR_CUOTA_EXTRAORDINARIA',11);


--PUESTOS DIGITALES
INSERT INTO PUESTOSATENCIONTIPOSOPERACION
VALUES('CONSIGNAR',12);
INSERT INTO PUESTOSATENCIONTIPOSOPERACION
VALUES('CONSIGNAR',13);
INSERT INTO PUESTOSATENCIONTIPOSOPERACION
VALUES('CONSIGNAR',14);

INSERT INTO PUESTOSATENCIONTIPOSOPERACION
VALUES('TRANSFERIR',12);
INSERT INTO PUESTOSATENCIONTIPOSOPERACION
VALUES('TRANSFERIR',13);
INSERT INTO PUESTOSATENCIONTIPOSOPERACION
VALUES('TRANSFERIR',14);

INSERT INTO PUESTOSATENCIONTIPOSOPERACION
VALUES('RETIRAR',12);
INSERT INTO PUESTOSATENCIONTIPOSOPERACION
VALUES('RETIRAR',13);
INSERT INTO PUESTOSATENCIONTIPOSOPERACION
VALUES('RETIRAR',14);

INSERT INTO PUESTOSATENCIONTIPOSOPERACION
VALUES('SOLICITAR',12);
INSERT INTO PUESTOSATENCIONTIPOSOPERACION
VALUES('SOLICITAR',13);
INSERT INTO PUESTOSATENCIONTIPOSOPERACION
VALUES('SOLICITAR',14);

INSERT INTO PUESTOSATENCIONTIPOSOPERACION
VALUES('PAGAR_CUOTA',12);
INSERT INTO PUESTOSATENCIONTIPOSOPERACION
VALUES('PAGAR_CUOTA',13);
INSERT INTO PUESTOSATENCIONTIPOSOPERACION
VALUES('PAGAR_CUOTA',14);

INSERT INTO PUESTOSATENCIONTIPOSOPERACION
VALUES('LIQUIDAR_RENDIMIENTOS',12);
INSERT INTO PUESTOSATENCIONTIPOSOPERACION
VALUES('LIQUIDAR_RENDIMIENTOS',13);
INSERT INTO PUESTOSATENCIONTIPOSOPERACION
VALUES('LIQUIDAR_RENDIMIENTOS',14);

INSERT INTO PUESTOSATENCIONTIPOSOPERACION
VALUES('PAGAR_CUOTA_EXTRAORDINARIA',12);
INSERT INTO PUESTOSATENCIONTIPOSOPERACION
VALUES('PAGAR_CUOTA_EXTRAORDINARIA',13);
INSERT INTO PUESTOSATENCIONTIPOSOPERACION
VALUES('PAGAR_CUOTA_EXTRAORDINARIA',14);



--CAJEROS AUTOMATICOS

INSERT INTO PUESTOSATENCIONTIPOSOPERACION
VALUES('CONSIGNAR',15);
INSERT INTO PUESTOSATENCIONTIPOSOPERACION
VALUES('CONSIGNAR',16);
INSERT INTO PUESTOSATENCIONTIPOSOPERACION
VALUES('CONSIGNAR',17);

INSERT INTO PUESTOSATENCIONTIPOSOPERACION
VALUES('TRANSFERIR',15);
INSERT INTO PUESTOSATENCIONTIPOSOPERACION
VALUES('TRANSFERIR',16);
INSERT INTO PUESTOSATENCIONTIPOSOPERACION
VALUES('TRANSFERIR',17);

INSERT INTO PUESTOSATENCIONTIPOSOPERACION
VALUES('RETIRAR',15);
INSERT INTO PUESTOSATENCIONTIPOSOPERACION
VALUES('RETIRAR',16);
INSERT INTO PUESTOSATENCIONTIPOSOPERACION
VALUES('RETIRAR',17);

INSERT INTO PUESTOSATENCIONTIPOSOPERACION
VALUES('PAGAR_CUOTA',15);
INSERT INTO PUESTOSATENCIONTIPOSOPERACION
VALUES('PAGAR_CUOTA',16);
INSERT INTO PUESTOSATENCIONTIPOSOPERACION
VALUES('PAGAR_CUOTA',17);

INSERT INTO PUESTOSATENCIONTIPOSOPERACION
VALUES('LIQUIDAR_RENDIMIENTOS',15);
INSERT INTO PUESTOSATENCIONTIPOSOPERACION
VALUES('LIQUIDAR_RENDIMIENTOS',16);
INSERT INTO PUESTOSATENCIONTIPOSOPERACION
VALUES('LIQUIDAR_RENDIMIENTOS',17);

INSERT INTO PUESTOSATENCIONTIPOSOPERACION
VALUES('PAGAR_CUOTA_EXTRAORDINARIA',15);
INSERT INTO PUESTOSATENCIONTIPOSOPERACION
VALUES('PAGAR_CUOTA_EXTRAORDINARIA',16);
INSERT INTO PUESTOSATENCIONTIPOSOPERACION
VALUES('PAGAR_CUOTA_EXTRAORDINARIA',17);


--DATOS USUARIOSTIPOSOPERACION
--gerentes
INSERT INTO USUARIOSTIPOSOPERACION
VALUES('DESACTIVAR','juanl2');
INSERT INTO USUARIOSTIPOSOPERACION
VALUES('DESACTIVAR','camila3');
INSERT INTO USUARIOSTIPOSOPERACION
VALUES('DESACTIVAR','andres43');
INSERT INTO USUARIOSTIPOSOPERACION
VALUES('DESACTIVAR','ana9812');

INSERT INTO USUARIOSTIPOSOPERACION
VALUES('ACTIVAR','juanl2');
INSERT INTO USUARIOSTIPOSOPERACION
VALUES('ACTIVAR','camila3');
INSERT INTO USUARIOSTIPOSOPERACION
VALUES('ACTIVAR','andres43');
INSERT INTO USUARIOSTIPOSOPERACION
VALUES('ACTIVAR','ana9812');

INSERT INTO USUARIOSTIPOSOPERACION
VALUES('APROBAR','juanl2');
INSERT INTO USUARIOSTIPOSOPERACION
VALUES('APROBAR','camila3');
INSERT INTO USUARIOSTIPOSOPERACION
VALUES('APROBAR','andres43');
INSERT INTO USUARIOSTIPOSOPERACION
VALUES('APROBAR','ana9812');

INSERT INTO USUARIOSTIPOSOPERACION
VALUES('RENOVAR','juanl2');
INSERT INTO USUARIOSTIPOSOPERACION
VALUES('RENOVAR','camila3');
INSERT INTO USUARIOSTIPOSOPERACION
VALUES('RENOVAR','andres43');
INSERT INTO USUARIOSTIPOSOPERACION
VALUES('RENOVAR','ana9812');

INSERT INTO USUARIOSTIPOSOPERACION
VALUES('RECHAZAR','juanl2');
INSERT INTO USUARIOSTIPOSOPERACION
VALUES('RECHAZAR','camila3');
INSERT INTO USUARIOSTIPOSOPERACION
VALUES('RECHAZAR','andres43');
INSERT INTO USUARIOSTIPOSOPERACION
VALUES('RECHAZAR','ana9812');


INSERT INTO USUARIOSTIPOSOPERACION
VALUES('CERRAR','juanl2');
INSERT INTO USUARIOSTIPOSOPERACION
VALUES('CERRAR','camila3');
INSERT INTO USUARIOSTIPOSOPERACION
VALUES('CERRAR','andres43');
INSERT INTO USUARIOSTIPOSOPERACION
VALUES('CERRAR','ana9812');

 --Clientes
INSERT INTO USUARIOSTIPOSOPERACION
VALUES('CONSIGNAR','alkosto');
INSERT INTO USUARIOSTIPOSOPERACION
VALUES('CONSIGNAR','luisp8');
INSERT INTO USUARIOSTIPOSOPERACION
VALUES('CONSIGNAR','pedrof3');
INSERT INTO USUARIOSTIPOSOPERACION
VALUES('CONSIGNAR','daniela77');
INSERT INTO USUARIOSTIPOSOPERACION
VALUES('CONSIGNAR','val763');

INSERT INTO USUARIOSTIPOSOPERACION
VALUES('TRANSFERIR','alkosto');
INSERT INTO USUARIOSTIPOSOPERACION
VALUES('TRANSFERIR','luisp8');
INSERT INTO USUARIOSTIPOSOPERACION
VALUES('TRANSFERIR','pedrof3');
INSERT INTO USUARIOSTIPOSOPERACION
VALUES('TRANSFERIR','daniela77');
INSERT INTO USUARIOSTIPOSOPERACION
VALUES('TRANSFERIR','val763');

INSERT INTO USUARIOSTIPOSOPERACION
VALUES('RETIRAR','alkosto');
INSERT INTO USUARIOSTIPOSOPERACION
VALUES('RETIRAR','luisp8');
INSERT INTO USUARIOSTIPOSOPERACION
VALUES('RETIRAR','pedrof3');
INSERT INTO USUARIOSTIPOSOPERACION
VALUES('RETIRAR','daniela77');
INSERT INTO USUARIOSTIPOSOPERACION
VALUES('RETIRAR','val763');

INSERT INTO USUARIOSTIPOSOPERACION
VALUES('SOLICITAR','alkosto');
INSERT INTO USUARIOSTIPOSOPERACION
VALUES('SOLICITAR','luisp8');
INSERT INTO USUARIOSTIPOSOPERACION
VALUES('SOLICITAR','pedrof3');
INSERT INTO USUARIOSTIPOSOPERACION
VALUES('SOLICITAR','daniela77');
INSERT INTO USUARIOSTIPOSOPERACION
VALUES('SOLICITAR','val763');

INSERT INTO USUARIOSTIPOSOPERACION
VALUES('PAGAR_CUOTA','alkosto');
INSERT INTO USUARIOSTIPOSOPERACION
VALUES('PAGAR_CUOTA','luisp8');
INSERT INTO USUARIOSTIPOSOPERACION
VALUES('PAGAR_CUOTA','pedrof3');
INSERT INTO USUARIOSTIPOSOPERACION
VALUES('PAGAR_CUOTA','daniela77');
INSERT INTO USUARIOSTIPOSOPERACION
VALUES('PAGAR_CUOTA','val763');

INSERT INTO USUARIOSTIPOSOPERACION
VALUES('LIQUIDAR_RENDIMIENTOS','alkosto');
INSERT INTO USUARIOSTIPOSOPERACION
VALUES('LIQUIDAR_RENDIMIENTOS','luisp8');
INSERT INTO USUARIOSTIPOSOPERACION
VALUES('LIQUIDAR_RENDIMIENTOS','pedrof3');
INSERT INTO USUARIOSTIPOSOPERACION
VALUES('LIQUIDAR_RENDIMIENTOS','daniela77');
INSERT INTO USUARIOSTIPOSOPERACION
VALUES('LIQUIDAR_RENDIMIENTOS','val763');

INSERT INTO USUARIOSTIPOSOPERACION
VALUES('PAGAR_CUOTA_EXTRAORDINARIA','alkosto');
INSERT INTO USUARIOSTIPOSOPERACION
VALUES('PAGAR_CUOTA_EXTRAORDINARIA','luisp8');
INSERT INTO USUARIOSTIPOSOPERACION
VALUES('PAGAR_CUOTA_EXTRAORDINARIA','pedrof3');
INSERT INTO USUARIOSTIPOSOPERACION
VALUES('PAGAR_CUOTA_EXTRAORDINARIA','daniela77');
INSERT INTO USUARIOSTIPOSOPERACION
VALUES('PAGAR_CUOTA_EXTRAORDINARIA','val763');

--Cajeros
INSERT INTO USUARIOSTIPOSOPERACION
VALUES('CONSIGNAR','rom2716');
INSERT INTO USUARIOSTIPOSOPERACION
VALUES('CONSIGNAR','andres123');
INSERT INTO USUARIOSTIPOSOPERACION
VALUES('CONSIGNAR','nady231');

INSERT INTO USUARIOSTIPOSOPERACION
VALUES('TRANSFERIR','rom2716');
INSERT INTO USUARIOSTIPOSOPERACION
VALUES('TRANSFERIR','andres123');
INSERT INTO USUARIOSTIPOSOPERACION
VALUES('TRANSFERIR','nady231');

INSERT INTO USUARIOSTIPOSOPERACION
VALUES('RETIRAR','rom2716');
INSERT INTO USUARIOSTIPOSOPERACION
VALUES('RETIRAR','andres123');
INSERT INTO USUARIOSTIPOSOPERACION
VALUES('RETIRAR','nady231');

INSERT INTO USUARIOSTIPOSOPERACION
VALUES('SOLICITAR','rom2716');
INSERT INTO USUARIOSTIPOSOPERACION
VALUES('SOLICITAR','andres123');
INSERT INTO USUARIOSTIPOSOPERACION
VALUES('SOLICITAR','nady231');

INSERT INTO USUARIOSTIPOSOPERACION
VALUES('PAGAR_CUOTA','rom2716');
INSERT INTO USUARIOSTIPOSOPERACION
VALUES('PAGAR_CUOTA','andres123');
INSERT INTO USUARIOSTIPOSOPERACION
VALUES('PAGAR_CUOTA','nady231');

INSERT INTO USUARIOSTIPOSOPERACION
VALUES('LIQUIDAR_RENDIMIENTOS','rom2716');
INSERT INTO USUARIOSTIPOSOPERACION
VALUES('LIQUIDAR_RENDIMIENTOS','andres123');
INSERT INTO USUARIOSTIPOSOPERACION
VALUES('LIQUIDAR_RENDIMIENTOS','nady231');

INSERT INTO USUARIOSTIPOSOPERACION
VALUES('PAGAR_CUOTA_EXTRAORDINARIA','rom2716');
INSERT INTO USUARIOSTIPOSOPERACION
VALUES('PAGAR_CUOTA_EXTRAORDINARIA','andres123');
INSERT INTO USUARIOSTIPOSOPERACION
VALUES('PAGAR_CUOTA_EXTRAORDINARIA','nady231');


--CLIENTES PRODUCTOS
INSERT INTO CLIENTESPRODUCTOS
VALUES(1,'alkosto');
INSERT INTO CLIENTESPRODUCTOS
VALUES(2,'luisp8');
INSERT INTO CLIENTESPRODUCTOS
VALUES(3,'pedrof3');
INSERT INTO CLIENTESPRODUCTOS
VALUES(3,'val763');
INSERT INTO CLIENTESPRODUCTOS
VALUES(4,'luisp8');
INSERT INTO CLIENTESPRODUCTOS
VALUES(5,'daniela77');
INSERT INTO CLIENTESPRODUCTOS
VALUES(6,'daniela77');

--DATOS PRODUCTOS
INSERT INTO PRODUCTOS
VALUES(BANCANDES_SEQUENCE.NEXTVAL);

--DATOS CUENTAS
INSERT INTO CUENTAS 
VALUES (23, 575757, 'ACTIVA', 'AHORROS', 5000000, '25/11/2018', NULL , 5, 18, 'TRUE');

--DATOS ASOCIACIONES
INSERT INTO ASOCIACIONES 
VALUES (BANCANDES_SEQUENCE.NEXTVAL, 4000000, 'QUINCENAL',23);

--INSERT INTO ASOCIACIONES 
--VALUES (BANCANDES_SEQUENCE.NEXTVAL, 8000000, 'QUINCENAL',23);

--DATOS ASOCIACIONCUENTASEMPLEADOS
INSERT INTO ASOCIACIONCUENTASEMPLEADOS
VALUES(24,3);
INSERT INTO ASOCIACIONCUENTASEMPLEADOS
VALUES(24,4);

INSERT INTO CLIENTESPRODUCTOS
VALUES(23,'alkosto');

--Nueva cuenta alkosto
INSERT INTO PRODUCTOS
VALUES(BANCANDES_SEQUENCE.NEXTVAL);
--DATOS CUENTAS
INSERT INTO CUENTAS 
VALUES (25, 878787, 'ACTIVA', 'AHORROS', 90000000, '25/11/2018', NULL , 5, 18, 'TRUE');

INSERT INTO CLIENTESPRODUCTOS
VALUES(25,'alkosto');

--DATOS PRODUCTOS
INSERT INTO PRODUCTOS
VALUES(BANCANDES_SEQUENCE.NEXTVAL);

--DATOS CUENTAS
INSERT INTO CUENTAS 
VALUES (26, 555555, 'ACTIVA', 'AHORROS', 5000000, '25/11/2018', NULL , 5, 18, 'TRUE');

INSERT INTO CLIENTESPRODUCTOS
VALUES(26,'alkosto');

